Jahr,Strategie,Anzahl_Segmente,Gesamtdauer_Sekunden,Gesamtdauer_Minuten
1940,Feindbildkonstruktion,8,1090.7,18.178333333333335
1940,Heroisierung,30,3842.567,64.04278333333333
1940,Legitimierung,6,559.042,9.317366666666667
1940,Opferbereitschaft und Durchhalten,3,579.942,9.665700000000001
1940,Personenkult,4,273.188,4.553133333333333
1940,Rassenideologie,1,49.473,0.82455
1940,Volksgemeinschaft,8,960.278,16.004633333333334
1941,Dämonisierung,9,882.736,14.712266666666666
1941,Feindbildkonstruktion,30,3473.579,57.89298333333333
1941,Heroisierung,45,4969.263,82.82105
1941,Legitimierung,5,283.165,4.719416666666667
1941,Opferbereitschaft und Durchhalten,1,347.021,5.783683333333333
1941,Personenkult,4,241.739,4.028983333333334
1941,Rassenideologie,2,154.175,2.569583333333333
1941,Volksgemeinschaft,14,1230.904,20.515066666666666
1942,Dämonisierung,1,565.32,9.422
1942,Feindbildkonstruktion,10,3739.885,62.33141666666667
1942,Heroisierung,20,5497.85,91.63083333333334
1942,Legitimierung,3,1045.741,17.429016666666666
1942,Opferbereitschaft und Durchhalten,7,1736.738,28.945633333333333
1942,Personenkult,11,1513.996,25.23326666666667
1942,Volksgemeinschaft,7,1165.375,19.422916666666666
1943,Feindbildkonstruktion,12,1972.558,32.87596666666666
1943,Heroisierung,30,4871.715,81.19525
1943,Legitimierung,4,701.4359999999999,11.6906
1943,Opferbereitschaft und Durchhalten,8,1291.217,21.52028333333333
1943,Personenkult,5,773.556,12.8926
1943,Rassenideologie,1,52.548,0.8758
1943,Volksgemeinschaft,12,1109.439,18.49065
1944,Dämonisierung,3,360.411,6.00685
1944,Feindbildkonstruktion,11,1575.233,26.253883333333334
1944,Heroisierung,28,3769.373,62.82288333333333
1944,Opferbereitschaft und Durchhalten,18,2021.0529999999999,33.684216666666664
1944,Personenkult,1,251.085,4.18475
1944,Rassenideologie,1,30.435,0.50725
1944,Volksgemeinschaft,15,1632.699,27.21165
1945,Dämonisierung,2,68.142,1.1357
1945,Feindbildkonstruktion,6,484.269,8.07115
1945,Heroisierung,17,1584.94,26.415666666666667
1945,Opferbereitschaft und Durchhalten,17,1176.073,19.601216666666666
1945,Personenkult,3,325.107,5.41845
1945,Volksgemeinschaft,12,1046.737,17.445616666666666
