Jahr,Strategie,Strategie_Segmente,Segmente_Jahr,Anteil_Segmente_Prozent
1940,Feindbildkonstruktion,8,51,15.686274509803921
1940,Heroisierung,30,51,58.82352941176471
1940,Legitimierung,6,51,11.76470588235294
1940,Opferbereitschaft und Durchhalten,3,51,5.88235294117647
1940,Personenkult,4,51,7.8431372549019605
1940,Rassenideologie,1,51,1.9607843137254901
1940,Volksgemeinschaft,8,51,15.686274509803921
1941,Dämonisierung,9,79,11.39240506329114
1941,Feindbildkonstruktion,30,79,37.9746835443038
1941,Heroisierung,45,79,56.9620253164557
1941,Legitimierung,5,79,6.329113924050633
1941,Opferbereitschaft und Durchhalten,1,79,1.2658227848101267
1941,Personenkult,4,79,5.063291139240507
1941,Rassenideologie,2,79,2.5316455696202533
1941,Volksgemeinschaft,14,79,17.72151898734177
1942,Dämonisierung,1,34,2.941176470588235
1942,Feindbildkonstruktion,10,34,29.411764705882355
1942,Heroisierung,20,34,58.82352941176471
1942,Legitimierung,3,34,8.823529411764707
1942,Opferbereitschaft und Durchhalten,7,34,20.588235294117645
1942,Personenkult,11,34,32.35294117647059
1942,Volksgemeinschaft,7,34,20.588235294117645
1943,Feindbildkonstruktion,12,53,22.641509433962266
1943,Heroisierung,30,53,56.60377358490566
1943,Legitimierung,4,53,7.547169811320755
1943,Opferbereitschaft und Durchhalten,8,53,15.09433962264151
1943,Personenkult,5,53,9.433962264150944
1943,Rassenideologie,1,53,1.8867924528301887
1943,Volksgemeinschaft,12,53,22.641509433962266
1944,Dämonisierung,3,41,7.317073170731707
1944,Feindbildkonstruktion,11,41,26.82926829268293
1944,Heroisierung,28,41,68.29268292682927
1944,Opferbereitschaft und Durchhalten,18,41,43.90243902439025
1944,Personenkult,1,41,2.4390243902439024
1944,Rassenideologie,1,41,2.4390243902439024
1944,Volksgemeinschaft,15,41,36.58536585365854
1945,Dämonisierung,2,24,8.333333333333332
1945,Feindbildkonstruktion,6,24,25.0
1945,Heroisierung,17,24,70.83333333333334
1945,Opferbereitschaft und Durchhalten,17,24,70.83333333333334
1945,Personenkult,3,24,12.5
1945,Volksgemeinschaft,12,24,50.0
