Jahr,Strategie,Strategie_Dauer_Sekunden,Gesamtdauer_Jahr_Sekunden,Anteil_Laufzeit_Prozent
1940,Feindbildkonstruktion,1090.7,6083.628,17.928446644009135
1940,Heroisierung,3842.567,6083.628,63.16242544744682
1940,Legitimierung,559.042,6083.628,9.189286392922119
1940,Opferbereitschaft und Durchhalten,579.942,6083.628,9.532831396002518
1940,Personenkult,273.188,6083.628,4.490544129259712
1940,Rassenideologie,49.473,6083.628,0.813215403703185
1940,Volksgemeinschaft,960.278,6083.628,15.784627199427712
1941,Dämonisierung,882.736,7509.803,11.754449484227482
1941,Feindbildkonstruktion,3473.579,7509.803,46.253929696957435
1941,Heroisierung,4969.263,7509.803,66.17035093996473
1941,Legitimierung,283.165,7509.803,3.7706049013536047
1941,Opferbereitschaft und Durchhalten,347.021,7509.803,4.62090683337499
1941,Personenkult,241.739,7509.803,3.2189792461932756
1941,Rassenideologie,154.175,7509.803,2.052983280653301
1941,Volksgemeinschaft,1230.904,7509.803,16.390629687622965
1942,Dämonisierung,565.32,7048.325,8.02062901469498
1942,Feindbildkonstruktion,3739.885,7048.325,53.06062078578954
1942,Heroisierung,5497.85,7048.325,78.00222038569447
1942,Legitimierung,1045.741,7048.325,14.836730712616117
1942,Opferbereitschaft und Durchhalten,1736.738,7048.325,24.640435848233448
1942,Personenkult,1513.996,7048.325,21.480224024856973
1942,Volksgemeinschaft,1165.375,7048.325,16.534070151418955
1943,Feindbildkonstruktion,1972.558,7389.714,26.69329286627331
1943,Heroisierung,4871.715,7389.714,65.9256231025991
1943,Legitimierung,701.4359999999999,7389.714,9.492058826633885
1943,Opferbereitschaft und Durchhalten,1291.217,7389.714,17.47316607922851
1943,Personenkult,773.556,7389.714,10.468009993350217
1943,Rassenideologie,52.548,7389.714,0.7110965322879884
1943,Volksgemeinschaft,1109.439,7389.714,15.013287388388779
1944,Dämonisierung,360.411,4793.769,7.518322222034477
1944,Feindbildkonstruktion,1575.233,4793.769,32.8600105678851
1944,Heroisierung,3769.373,4793.769,78.63067661374589
1944,Opferbereitschaft und Durchhalten,2021.0529999999999,4793.769,42.1599997830517
1944,Personenkult,251.085,4793.769,5.237736737001721
1944,Rassenideologie,30.435,4793.769,0.6348866622484313
1944,Volksgemeinschaft,1632.699,4793.769,34.05877504735835
1945,Dämonisierung,68.142,2044.067,3.333648065352065
1945,Feindbildkonstruktion,484.269,2044.067,23.69144455636728
1945,Heroisierung,1584.94,2044.067,77.53855426461071
1945,Opferbereitschaft und Durchhalten,1176.073,2044.067,57.53593204136656
1945,Personenkult,325.107,2044.067,15.90490918350524
1945,Volksgemeinschaft,1046.737,2044.067,51.208546490892914
