Jahr,Strategie,N,Mittelwert_Sekunden,Median_Sekunden,Standardabweichung_Sekunden,Minimum_Sekunden,Maximum_Sekunden
1940,Feindbildkonstruktion,8,136.3375,136.2905,76.9222811674225,36.917,258.281
1940,Heroisierung,30,128.08556666666667,118.4575,70.81502726247487,36.022,267.856
1940,Legitimierung,6,93.17366666666668,64.3065,83.02935621975318,36.022,258.281
1940,Opferbereitschaft und Durchhalten,3,193.314,199.233,77.67083379879477,112.853,267.856
1940,Personenkult,4,68.297,68.21600000000001,37.352057221345476,23.903,112.853
1940,Rassenideologie,1,49.473,49.473,,49.473,49.473
1940,Volksgemeinschaft,8,120.03475,99.595,84.28638887024236,49.461,293.581
1941,Dämonisierung,9,98.08177777777777,66.545,70.81662014276341,20.335,217.33
1941,Feindbildkonstruktion,30,115.78596666666667,89.7265,80.81485968109277,42.279,378.854
1941,Heroisierung,45,110.42806666666667,90.506,72.08569369803745,20.335,378.854
1941,Legitimierung,5,56.633,63.455,27.565937168904668,20.335,88.947
1941,Opferbereitschaft und Durchhalten,1,347.021,347.021,,347.021,347.021
1941,Personenkult,4,60.43475,65.084,19.583239302611133,33.681,77.89
1941,Rassenideologie,2,77.0875,77.0875,32.295688017133195,54.251,99.924
1941,Volksgemeinschaft,14,87.92171428571429,97.061,40.82706671659524,20.335,161.568
1942,Dämonisierung,1,565.32,565.32,,565.32,565.32
1942,Feindbildkonstruktion,10,373.98850000000004,253.7975,335.90358618615886,52.864,1025.287
1942,Heroisierung,20,274.89250000000004,231.3885,260.5747627197877,31.867,1025.287
1942,Legitimierung,3,348.58033333333333,240.988,187.7036676155619,239.433,565.32
1942,Opferbereitschaft und Durchhalten,7,248.10542857142858,80.834,354.84576248226364,31.867,1025.287
1942,Personenkult,11,137.636,61.605,162.5253567022697,26.35,565.32
1942,Volksgemeinschaft,7,166.48214285714286,126.768,102.33869353186762,26.35,310.171
1943,Feindbildkonstruktion,12,164.37983333333332,105.5565,121.45295429681504,41.829,410.471
1943,Heroisierung,30,162.3905,150.3245,103.14443817280097,24.626,487.153
1943,Legitimierung,4,175.35899999999998,151.56349999999998,109.81539627028626,72.895,325.414
1943,Opferbereitschaft und Durchhalten,8,161.402125,85.053,147.55001573068367,62.488,487.153
1943,Personenkult,5,154.71120000000002,96.116,104.55460528929369,75.102,325.414
1943,Rassenideologie,1,52.548,52.548,,52.548,52.548
1943,Volksgemeinschaft,12,92.45325000000001,72.13149999999999,62.60895619220363,41.829,249.74
1944,Dämonisierung,3,120.137,78.891,115.96348568407214,30.435,251.085
1944,Feindbildkonstruktion,11,143.203,115.073,87.81839559112885,30.435,295.914
1944,Heroisierung,28,134.6204642857143,120.697,77.72698612188222,30.438,295.914
1944,Opferbereitschaft und Durchhalten,18,112.28072222222221,89.286,72.35569758597863,39.419,258.659
1944,Personenkult,1,251.085,251.085,,251.085,251.085
1944,Rassenideologie,1,30.435,30.435,,30.435,30.435
1944,Volksgemeinschaft,15,108.84660000000001,79.867,62.99507452038273,47.793,251.085
1945,Dämonisierung,2,34.071,34.071,13.558065422470865,24.484,43.658
1945,Feindbildkonstruktion,6,80.7115,50.592,72.38292800861264,24.484,219.93
1945,Heroisierung,17,93.23176470588236,96.573,57.61943036156446,15.292,219.93
1945,Opferbereitschaft und Durchhalten,17,69.18076470588235,69.313,35.24725496852452,15.292,139.252
1945,Personenkult,3,108.36900000000001,113.417,33.69182952883384,72.438,139.252
1945,Volksgemeinschaft,12,87.22808333333334,88.21000000000001,34.48078224291516,31.248,139.252
