Strategiekombination,Anzahl_Segmente
Heroisierung,68
Feindbildkonstruktion + Heroisierung,26
Volksgemeinschaft,21
Heroisierung + Opferbereitschaft und Durchhalten,20
Feindbildkonstruktion,11
Heroisierung + Volksgemeinschaft,10
Personenkult,7
Heroisierung + Opferbereitschaft und Durchhalten + Volksgemeinschaft,6
Feindbildkonstruktion + Heroisierung + Opferbereitschaft und Durchhalten,5
Dämonisierung + Feindbildkonstruktion,5
Heroisierung + Personenkult,4
Legitimierung,4
Heroisierung + Legitimierung,4
Heroisierung + Opferbereitschaft und Durchhalten + Personenkult + Volksgemeinschaft,4
Feindbildkonstruktion + Heroisierung + Volksgemeinschaft,4
Opferbereitschaft und Durchhalten + Volksgemeinschaft,4
Dämonisierung + Feindbildkonstruktion + Heroisierung,3
Personenkult + Volksgemeinschaft,2
Opferbereitschaft und Durchhalten,2
Opferbereitschaft und Durchhalten + Personenkult + Volksgemeinschaft,2
Feindbildkonstruktion + Heroisierung + Legitimierung,2
Feindbildkonstruktion + Volksgemeinschaft,2
Legitimierung + Volksgemeinschaft,2
Feindbildkonstruktion + Heroisierung + Opferbereitschaft und Durchhalten + Volksgemeinschaft,2
Feindbildkonstruktion + Opferbereitschaft und Durchhalten + Volksgemeinschaft,2
Feindbildkonstruktion + Heroisierung + Legitimierung + Volksgemeinschaft,1
Feindbildkonstruktion + Heroisierung + Rassenideologie,1
Feindbildkonstruktion + Heroisierung + Personenkult + Volksgemeinschaft,1
Dämonisierung + Feindbildkonstruktion + Heroisierung + Rassenideologie,1
Feindbildkonstruktion + Opferbereitschaft und Durchhalten,1
Feindbildkonstruktion + Heroisierung + Personenkult,1
Heroisierung + Legitimierung + Opferbereitschaft und Durchhalten + Personenkult + Volksgemeinschaft,1
Feindbildkonstruktion + Rassenideologie,1
Dämonisierung + Heroisierung + Legitimierung + Volksgemeinschaft,1
Feindbildkonstruktion + Legitimierung,1
Opferbereitschaft und Durchhalten + Personenkult,1
Heroisierung + Personenkult + Volksgemeinschaft,1
Feindbildkonstruktion + Heroisierung + Legitimierung + Personenkult,1
Rassenideologie + Volksgemeinschaft,1
Dämonisierung + Feindbildkonstruktion + Heroisierung + Legitimierung + Personenkult,1
Feindbildkonstruktion + Opferbereitschaft und Durchhalten + Personenkult,1
Dämonisierung + Feindbildkonstruktion + Rassenideologie,1
Dämonisierung + Feindbildkonstruktion + Heroisierung + Opferbereitschaft und Durchhalten,1
Dämonisierung + Feindbildkonstruktion + Heroisierung + Opferbereitschaft und Durchhalten + Personenkult + Volksgemeinschaft,1
Dämonisierung + Feindbildkonstruktion + Opferbereitschaft und Durchhalten,1
