Jahr,Folge,Segmente,Gesamtdauer_Sekunden,Durchschnitt_Segment_Sekunden,Median_Segment_Sekunden,Gesamtdauer_Minuten
1940,511,20,2605.265,130.26325,112.8665,43.42108333333333
1940,520,15,1874.796,124.9864,78.927,31.2466
1940,533,16,1603.567,100.2229375,95.7025,26.726116666666666
1941,559,17,1242.81,73.1064705882353,69.105,20.7135
1941,568,24,2188.391,91.18295833333333,89.37,36.47318333333333
1941,572,16,1864.876,116.55475,77.962,31.081266666666668
1941,585,22,2213.726,100.6239090909091,90.1465,36.89543333333334
1942,598,10,1747.537,174.7537,183.754,29.125616666666666
1942,611,9,1689.115,187.67944444444444,97.078,28.15191666666667
1942,621,6,2119.82,353.30333333333334,224.4135,35.330333333333336
1942,637,9,1491.853,165.76144444444446,185.998,24.864216666666668
1943,650,5,1109.047,221.8094,184.766,18.48411666666667
1943,656,6,1232.732,205.45533333333333,209.277,20.54553333333333
1943,663,8,916.307,114.538375,102.2485,15.271783333333333
1943,676,12,1172.028,97.669,89.54599999999999,19.5338
1943,681,10,1765.212,176.5212,114.8425,29.4202
1943,689,12,1194.388,99.53233333333333,70.795,19.906466666666667
1944,702,12,1307.771,108.98091666666666,72.87899999999999,21.79618333333333
1944,715,10,1285.461,128.5461,85.11500000000001,21.42435
1944,728,6,750.383,125.06383333333333,124.6495,12.506383333333334
1944,734,6,726.0029999999999,121.00049999999999,96.3405,12.10005
1944,741,7,724.151,103.45014285714285,88.324,12.069183333333333
1945,748,7,762.7620000000001,108.96600000000001,108.52,12.712700000000002
1945,750,7,666.9390000000001,95.27700000000002,69.638,11.11565
1945,755,10,614.366,61.4366,50.592,10.239433333333332
