Folge,Jahr,Segment_Nr,Segment_ID,Strategie,Dauer_Sekunden,Dauer_Minuten
511,1940,1,a152,Heroisierung,141.618,2.3603
511,1940,2,a153,Heroisierung,136.067,2.2677833333333335
511,1940,3,a154,Heroisierung,263.31,4.3885
511,1940,4,a155,Heroisierung,198.382,3.3063666666666665
511,1940,5,a156,Heroisierung,258.281,4.304683333333333
511,1940,5,a156,Feindbildkonstruktion,258.281,4.304683333333333
511,1940,5,a156,Legitimierung,258.281,4.304683333333333
511,1940,6,a157,Volksgemeinschaft,86.337,1.43895
511,1940,6,a157,Legitimierung,86.337,1.43895
511,1940,6,a157,Heroisierung,86.337,1.43895
511,1940,6,a157,Feindbildkonstruktion,86.337,1.43895
511,1940,7,a158,Personenkult,57.505,0.9584166666666667
511,1940,9,a160,Heroisierung,53.122,0.8853666666666666
511,1940,10,a161,Heroisierung,49.473,0.82455
511,1940,10,a161,Feindbildkonstruktion,49.473,0.82455
511,1940,10,a161,Rassenideologie,49.473,0.82455
511,1940,11,a162,Heroisierung,138.18,2.303
511,1940,11,a162,Feindbildkonstruktion,138.18,2.303
511,1940,12,a164,Heroisierung,104.154,1.7359
511,1940,14,a166,Heroisierung,65.141,1.0856833333333333
511,1940,15,a167,Heroisierung,78.222,1.3037
511,1940,16,a168,Heroisierung,70.587,1.17645
511,1940,17,a169,Heroisierung,267.856,4.464266666666667
511,1940,17,a169,Opferbereitschaft und Durchhalten,267.856,4.464266666666667
511,1940,18,a170,Heroisierung,121.579,2.0263166666666668
511,1940,19,a171,Heroisierung,199.22,3.320333333333333
511,1940,19,a171,Feindbildkonstruktion,199.22,3.320333333333333
511,1940,20,a172,Heroisierung,62.883,1.04805
520,1940,1,a150,Volksgemeinschaft,293.581,4.893016666666667
520,1940,7,a156,Volksgemeinschaft,115.336,1.9222666666666666
520,1940,7,a156,Heroisierung,115.336,1.9222666666666666
520,1940,9,a158,Volksgemeinschaft,61.637,1.0272833333333333
520,1940,9,a158,Heroisierung,61.637,1.0272833333333333
520,1940,10,a159,Heroisierung,78.927,1.31545
520,1940,10,a159,Personenkult,78.927,1.31545
520,1940,12,a161,Heroisierung,36.917,0.6152833333333333
520,1940,12,a161,Feindbildkonstruktion,36.917,0.6152833333333333
520,1940,13,a162,Heroisierung,187.891,3.1315166666666667
520,1940,13,a162,Feindbildkonstruktion,187.891,3.1315166666666667
520,1940,15,a164,Heroisierung,256.022,4.267033333333333
533,1940,1,a112,Legitimierung,36.022,0.6003666666666667
533,1940,1,a112,Heroisierung,36.022,0.6003666666666667
533,1940,2,a113,Legitimierung,51.134,0.8522333333333333
533,1940,3,a114,Personenkult,23.903,0.3983833333333333
533,1940,4,a115,Volksgemeinschaft,49.461,0.82435
533,1940,6,a117,Heroisierung,83.909,1.3984833333333333
533,1940,7,a118,Volksgemeinschaft,112.853,1.8808833333333332
533,1940,7,a118,Personenkult,112.853,1.8808833333333332
533,1940,7,a118,Opferbereitschaft und Durchhalten,112.853,1.8808833333333332
533,1940,9,a120,Legitimierung,77.479,1.2913166666666667
533,1940,10,a121,Legitimierung,49.789,0.8298166666666666
533,1940,10,a121,Volksgemeinschaft,49.789,0.8298166666666666
533,1940,11,a122,Volksgemeinschaft,191.284,3.188066666666667
533,1940,12,a123,Heroisierung,125.155,2.085916666666667
533,1940,13,a124,Heroisierung,199.233,3.32055
533,1940,13,a124,Opferbereitschaft und Durchhalten,199.233,3.32055
533,1940,14,a125,Heroisierung,139.575,2.32625
533,1940,15,a126,Heroisierung,93.13,1.5521666666666667
533,1940,16,a127,Heroisierung,134.401,2.2400166666666665
533,1940,16,a127,Feindbildkonstruktion,134.401,2.2400166666666665
559,1941,1,a67,Legitimierung,63.455,1.0575833333333333
559,1941,2,a68,Personenkult,33.681,0.56135
559,1941,3,a82,Personenkult,71.673,1.19455
559,1941,4,a83,Heroisierung,36.263,0.6043833333333334
559,1941,8,a87,Feindbildkonstruktion,88.947,1.48245
559,1941,8,a87,Legitimierung,88.947,1.48245
559,1941,9,a88,Heroisierung,115.316,1.9219333333333333
559,1941,11,a90,Heroisierung,79.474,1.3245666666666667
559,1941,12,a91,Volksgemeinschaft,127.474,2.1245666666666665
559,1941,13,a92,Heroisierung,98.106,1.6351
559,1941,14,a93,Heroisierung,84.21,1.4035
559,1941,16,a95,Heroisierung,53.526,0.8921
559,1941,16,a95,Feindbildkonstruktion,53.526,0.8921
559,1941,17,a96,Heroisierung,69.105,1.15175
568,1941,1,a188,Volksgemeinschaft,109.403,1.8233833333333334
568,1941,2,a189,Heroisierung,96.96,1.616
568,1941,2,a189,Volksgemeinschaft,96.96,1.616
568,1941,3,a190,Volksgemeinschaft,106.567,1.7761166666666666
568,1941,3,a190,Feindbildkonstruktion,106.567,1.7761166666666666
568,1941,5,a192,Heroisierung,88.234,1.4705666666666666
568,1941,5,a192,Feindbildkonstruktion,88.234,1.4705666666666666
568,1941,6,a193,Heroisierung,105.651,1.76085
568,1941,7,a194,Legitimierung,37.505,0.6250833333333333
568,1941,7,a194,Heroisierung,37.505,0.6250833333333333
568,1941,8,a195,Feindbildkonstruktion,42.279,0.70465
568,1941,8,a195,Dämonisierung,42.279,0.70465
568,1941,9,a196,Heroisierung,87.789,1.46315
568,1941,9,a196,Feindbildkonstruktion,87.789,1.46315
568,1941,10,a197,Heroisierung,83.293,1.3882166666666667
568,1941,11,a198,Heroisierung,78.739,1.3123166666666666
568,1941,12,a199,Heroisierung,108.701,1.8116833333333333
568,1941,13,a200,Dämonisierung,99.924,1.6654
568,1941,13,a200,Feindbildkonstruktion,99.924,1.6654
568,1941,13,a200,Heroisierung,99.924,1.6654
568,1941,13,a200,Rassenideologie,99.924,1.6654
568,1941,14,a201,Heroisierung,47.876,0.7979333333333334
568,1941,14,a201,Feindbildkonstruktion,47.876,0.7979333333333334
568,1941,15,a202,Feindbildkonstruktion,43.399,0.7233166666666667
568,1941,15,a202,Dämonisierung,43.399,0.7233166666666667
568,1941,16,a203,Feindbildkonstruktion,94.176,1.5696
568,1941,17,a204,Heroisierung,134.073,2.23455
568,1941,19,a206,Heroisierung,215.074,3.5845666666666665
568,1941,20,a207,Heroisierung,90.506,1.5084333333333333
568,1941,20,a207,Feindbildkonstruktion,90.506,1.5084333333333333
568,1941,21,a208,Heroisierung,78.863,1.3143833333333332
568,1941,21,a208,Feindbildkonstruktion,78.863,1.3143833333333332
568,1941,22,a209,Heroisierung,151.1,2.5183333333333335
568,1941,22,a209,Feindbildkonstruktion,151.1,2.5183333333333335
568,1941,23,a210,Heroisierung,68.156,1.1359333333333332
568,1941,24,a211,Personenkult,77.89,1.2981666666666667
568,1941,24,a211,Heroisierung,77.89,1.2981666666666667
572,1941,1,a202,Personenkult,58.495,0.9749166666666667
572,1941,1,a202,Volksgemeinschaft,58.495,0.9749166666666667
572,1941,1,a202,Heroisierung,58.495,0.9749166666666667
572,1941,1,a202,Feindbildkonstruktion,58.495,0.9749166666666667
572,1941,2,a203,Volksgemeinschaft,22.694,0.3782333333333333
572,1941,3,a204,Feindbildkonstruktion,161.568,2.6928
572,1941,3,a204,Heroisierung,161.568,2.6928
572,1941,3,a204,Volksgemeinschaft,161.568,2.6928
572,1941,4,a205,Heroisierung,152.226,2.5371
572,1941,4,a205,Dämonisierung,152.226,2.5371
572,1941,4,a205,Feindbildkonstruktion,152.226,2.5371
572,1941,5,a206,Dämonisierung,186.794,3.1132333333333335
572,1941,5,a206,Feindbildkonstruktion,186.794,3.1132333333333335
572,1941,5,a206,Heroisierung,186.794,3.1132333333333335
572,1941,6,a207,Heroisierung,56.07,0.9345
572,1941,7,a208,Feindbildkonstruktion,75.427,1.2571166666666667
572,1941,7,a208,Heroisierung,75.427,1.2571166666666667
572,1941,7,a208,Volksgemeinschaft,75.427,1.2571166666666667
572,1941,8,a209,Feindbildkonstruktion,80.497,1.3416166666666667
572,1941,9,a210,Volksgemeinschaft,110.443,1.8407166666666666
572,1941,9,a210,Heroisierung,110.443,1.8407166666666666
572,1941,10,a211,Heroisierung,162.703,2.7117166666666668
572,1941,11,a212,Heroisierung,72.923,1.2153833333333333
572,1941,11,a212,Legitimierung,72.923,1.2153833333333333
572,1941,12,a213,Feindbildkonstruktion,66.545,1.1090833333333334
572,1941,12,a213,Dämonisierung,66.545,1.1090833333333334
572,1941,13,a214,Heroisierung,20.335,0.33891666666666664
572,1941,13,a214,Dämonisierung,20.335,0.33891666666666664
572,1941,13,a214,Volksgemeinschaft,20.335,0.33891666666666664
572,1941,13,a214,Legitimierung,20.335,0.33891666666666664
572,1941,14,a215,Volksgemeinschaft,41.972,0.6995333333333333
572,1941,15,a216,Heroisierung,217.33,3.6221666666666668
572,1941,15,a216,Feindbildkonstruktion,217.33,3.6221666666666668
572,1941,15,a216,Dämonisierung,217.33,3.6221666666666668
572,1941,16,a217,Heroisierung,378.854,6.314233333333333
572,1941,16,a217,Feindbildkonstruktion,378.854,6.314233333333333
585,1941,3,a121,Heroisierung,34.394,0.5732333333333334
585,1941,4,a122,Volksgemeinschaft,80.122,1.3353666666666666
585,1941,5,a123,Volksgemeinschaft,97.162,1.6193666666666666
585,1941,6,a124,Volksgemeinschaft,122.282,2.0380333333333334
585,1941,7,a125,Heroisierung,70.933,1.1822166666666667
585,1941,8,a126,Heroisierung,97.922,1.6320333333333332
585,1941,8,a126,Feindbildkonstruktion,97.922,1.6320333333333332
585,1941,9,a127,Feindbildkonstruktion,183.473,3.0578833333333333
585,1941,10,a128,Feindbildkonstruktion,87.686,1.4614333333333334
585,1941,11,a129,Heroisierung,347.021,5.783683333333333
585,1941,11,a129,Opferbereitschaft und Durchhalten,347.021,5.783683333333333
585,1941,11,a129,Feindbildkonstruktion,347.021,5.783683333333333
585,1941,12,a130,Feindbildkonstruktion,53.904,0.8984
585,1941,12,a130,Dämonisierung,53.904,0.8984
585,1941,14,a132,Heroisierung,52.408,0.8734666666666666
585,1941,15,a133,Feindbildkonstruktion,54.251,0.9041833333333333
585,1941,15,a133,Rassenideologie,54.251,0.9041833333333333
585,1941,17,a135,Feindbildkonstruktion,104.838,1.7473
585,1941,18,a136,Heroisierung,99.125,1.6520833333333333
585,1941,19,a137,Heroisierung,171.418,2.8569666666666667
585,1941,20,a138,Heroisierung,92.607,1.54345
585,1941,21,a139,Feindbildkonstruktion,93.562,1.5593666666666666
585,1941,22,a140,Heroisierung,163.933,2.7322166666666665
598,1942,1,a124,Heroisierung,239.433,3.99055
598,1942,1,a124,Volksgemeinschaft,239.433,3.99055
598,1942,1,a124,Personenkult,239.433,3.99055
598,1942,1,a124,Legitimierung,239.433,3.99055
598,1942,1,a124,Opferbereitschaft und Durchhalten,239.433,3.99055
598,1942,2,a125,Volksgemeinschaft,254.579,4.242983333333333
598,1942,2,a125,Personenkult,254.579,4.242983333333333
598,1942,2,a125,Heroisierung,254.579,4.242983333333333
598,1942,2,a125,Opferbereitschaft und Durchhalten,254.579,4.242983333333333
598,1942,3,a126,Heroisierung,96.142,1.6023666666666667
598,1942,3,a126,Feindbildkonstruktion,96.142,1.6023666666666667
598,1942,3,a126,Personenkult,96.142,1.6023666666666667
598,1942,4,a127,Personenkult,61.605,1.02675
598,1942,5,a128,Heroisierung,301.511,5.025183333333334
598,1942,5,a128,Feindbildkonstruktion,301.511,5.025183333333334
598,1942,6,a129,Feindbildkonstruktion,52.864,0.8810666666666667
598,1942,6,a129,Opferbereitschaft und Durchhalten,52.864,0.8810666666666667
598,1942,7,a130,Heroisierung,128.075,2.1345833333333335
598,1942,8,a131,Heroisierung,105.733,1.7622166666666668
598,1942,9,a132,Heroisierung,254.161,4.236016666666667
598,1942,9,a132,Feindbildkonstruktion,254.161,4.236016666666667
598,1942,10,a133,Feindbildkonstruktion,253.434,4.2239
598,1942,10,a133,Heroisierung,253.434,4.2239
611,1942,2,a112,Personenkult,26.35,0.43916666666666665
611,1942,2,a112,Volksgemeinschaft,26.35,0.43916666666666665
611,1942,3,a113,Volksgemeinschaft,126.768,2.1128
611,1942,4,a114,Heroisierung,97.078,1.6179666666666668
611,1942,4,a114,Personenkult,97.078,1.6179666666666668
611,1942,4,a114,Volksgemeinschaft,97.078,1.6179666666666668
611,1942,5,a115,Personenkult,41.229,0.68715
611,1942,6,a116,Heroisierung,223.344,3.7224
611,1942,7,a117,Heroisierung,81.499,1.3583166666666666
611,1942,8,a118,Feindbildkonstruktion,138.36,2.306
611,1942,9,a119,Heroisierung,871.539,14.52565
611,1942,9,a119,Feindbildkonstruktion,871.539,14.52565
621,1942,1,a145,Dämonisierung,565.32,9.422
621,1942,1,a145,Legitimierung,565.32,9.422
621,1942,1,a145,Personenkult,565.32,9.422
621,1942,1,a145,Feindbildkonstruktion,565.32,9.422
621,1942,1,a145,Heroisierung,565.32,9.422
621,1942,2,a146,Personenkult,43.458,0.7243
621,1942,2,a146,Heroisierung,43.458,0.7243
621,1942,3,a147,Feindbildkonstruktion,181.267,3.0211166666666665
621,1942,3,a147,Heroisierung,181.267,3.0211166666666665
621,1942,4,a148,Heroisierung,267.56,4.459333333333333
621,1942,5,a149,Heroisierung,1025.287,17.088116666666668
621,1942,5,a149,Feindbildkonstruktion,1025.287,17.088116666666668
621,1942,5,a149,Opferbereitschaft und Durchhalten,1025.287,17.088116666666668
621,1942,6,a150,Personenkult,36.928,0.6154666666666667
637,1942,1,a241,Volksgemeinschaft,310.171,5.1695166666666665
637,1942,2,a242,Personenkult,51.874,0.8645666666666667
637,1942,2,a242,Opferbereitschaft und Durchhalten,51.874,0.8645666666666667
637,1942,3,a243,Opferbereitschaft und Durchhalten,31.867,0.5311166666666667
637,1942,3,a243,Heroisierung,31.867,0.5311166666666667
637,1942,4,a244,Opferbereitschaft und Durchhalten,80.834,1.3472333333333333
637,1942,5,a245,Heroisierung,290.565,4.84275
637,1942,6,a246,Volksgemeinschaft,110.996,1.8499333333333334
637,1942,8,a248,Heroisierung,185.998,3.0999666666666665
637,1942,9,a249,Legitimierung,240.988,4.016466666666667
650,1943,1,a121,Opferbereitschaft und Durchhalten,184.766,3.0794333333333332
650,1943,1,a121,Heroisierung,184.766,3.0794333333333332
650,1943,1,a121,Personenkult,184.766,3.0794333333333332
650,1943,1,a121,Volksgemeinschaft,184.766,3.0794333333333332
650,1943,3,a123,Heroisierung,79.958,1.3326333333333333
650,1943,3,a123,Opferbereitschaft und Durchhalten,79.958,1.3326333333333333
650,1943,4,a124,Heroisierung,160.999,2.683316666666667
650,1943,5,a125,Heroisierung,487.153,8.119216666666667
650,1943,5,a125,Opferbereitschaft und Durchhalten,487.153,8.119216666666667
656,1943,1,a102,Personenkult,96.116,1.6019333333333334
656,1943,1,a102,Volksgemeinschaft,96.116,1.6019333333333334
656,1943,2,a103,Heroisierung,150.857,2.514283333333333
656,1943,3,a104,Heroisierung,125.918,2.0986333333333334
656,1943,4,a105,Heroisierung,283.787,4.729783333333334
656,1943,5,a106,Heroisierung,267.697,4.461616666666667
656,1943,6,a107,Heroisierung,308.357,5.139283333333333
656,1943,6,a107,Feindbildkonstruktion,308.357,5.139283333333333
663,1943,1,a82,Heroisierung,64.333,1.0722166666666666
663,1943,1,a82,Opferbereitschaft und Durchhalten,64.333,1.0722166666666666
663,1943,2,a83,Volksgemeinschaft,71.368,1.1894666666666667
663,1943,4,a85,Heroisierung,205.324,3.422066666666667
663,1943,5,a86,Heroisierung,173.017,2.8836166666666667
663,1943,6,a87,Feindbildkonstruktion,101.129,1.6854833333333332
663,1943,7,a88,Volksgemeinschaft,90.644,1.5107333333333333
663,1943,7,a88,Feindbildkonstruktion,90.644,1.5107333333333333
663,1943,7,a88,Heroisierung,90.644,1.5107333333333333
663,1943,8,a89,Heroisierung,103.368,1.7228
676,1943,3,a82,Volksgemeinschaft,52.519,0.8753166666666666
676,1943,4,a83,Heroisierung,24.626,0.4104333333333333
676,1943,6,a85,Volksgemeinschaft,72.895,1.2149166666666666
676,1943,6,a85,Legitimierung,72.895,1.2149166666666666
676,1943,7,a86,Volksgemeinschaft,52.548,0.8758
676,1943,7,a86,Rassenideologie,52.548,0.8758
676,1943,9,a88,Heroisierung,149.792,2.4965333333333333
676,1943,10,a89,Heroisierung,107.187,1.78645
676,1943,11,a90,Legitimierung,183.426,3.0571
676,1943,11,a90,Feindbildkonstruktion,183.426,3.0571
676,1943,11,a90,Heroisierung,183.426,3.0571
676,1943,12,a91,Heroisierung,183.603,3.06005
676,1943,12,a91,Feindbildkonstruktion,183.603,3.06005
681,1943,1,a191,Volksgemeinschaft,249.74,4.162333333333334
681,1943,2,a192,Feindbildkonstruktion,43.097,0.7182833333333334
681,1943,2,a192,Volksgemeinschaft,43.097,0.7182833333333334
681,1943,3,a193,Heroisierung,41.829,0.69715
681,1943,3,a193,Volksgemeinschaft,41.829,0.69715
681,1943,3,a193,Feindbildkonstruktion,41.829,0.69715
681,1943,4,a194,Opferbereitschaft und Durchhalten,90.148,1.5024666666666666
681,1943,4,a194,Heroisierung,90.148,1.5024666666666666
681,1943,4,a194,Volksgemeinschaft,90.148,1.5024666666666666
681,1943,5,a195,Feindbildkonstruktion,109.984,1.8330666666666666
681,1943,6,a196,Feindbildkonstruktion,99.502,1.6583666666666668
681,1943,7,a197,Feindbildkonstruktion,410.471,6.841183333333333
681,1943,8,a198,Heroisierung,275.326,4.588766666666666
681,1943,9,a199,Legitimierung,119.701,1.9950166666666667
681,1943,9,a199,Heroisierung,119.701,1.9950166666666667
681,1943,10,a200,Personenkult,325.414,5.423566666666667
681,1943,10,a200,Heroisierung,325.414,5.423566666666667
681,1943,10,a200,Legitimierung,325.414,5.423566666666667
681,1943,10,a200,Feindbildkonstruktion,325.414,5.423566666666667
689,1943,3,a93,Volksgemeinschaft,63.769,1.0628166666666667
689,1943,4,a94,Heroisierung,62.622,1.0437
689,1943,6,a96,Heroisierung,92.158,1.5359666666666667
689,1943,6,a96,Personenkult,92.158,1.5359666666666667
689,1943,7,a97,Heroisierung,57.984,0.9664
689,1943,9,a99,Personenkult,75.102,1.2517
689,1943,9,a99,Opferbereitschaft und Durchhalten,75.102,1.2517
689,1943,9,a99,Feindbildkonstruktion,75.102,1.2517
689,1943,10,a100,Opferbereitschaft und Durchhalten,62.488,1.0414666666666668
689,1943,10,a100,Heroisierung,62.488,1.0414666666666668
689,1943,11,a101,Opferbereitschaft und Durchhalten,247.269,4.12115
689,1943,11,a101,Heroisierung,247.269,4.12115
689,1943,12,a102,Heroisierung,161.964,2.6994
702,1944,1,a91,Volksgemeinschaft,220.204,3.6700666666666666
702,1944,1,a91,Heroisierung,220.204,3.6700666666666666
702,1944,2,a92,Heroisierung,30.438,0.5073
702,1944,5,a95,Heroisierung,125.199,2.08665
702,1944,5,a95,Volksgemeinschaft,125.199,2.08665
702,1944,6,a96,Volksgemeinschaft,56.909,0.9484833333333333
702,1944,7,a97,Heroisierung,41.094,0.6849
702,1944,7,a97,Opferbereitschaft und Durchhalten,41.094,0.6849
702,1944,8,a98,Heroisierung,63.685,1.0614166666666667
702,1944,9,a99,Heroisierung,44.616,0.7436
702,1944,9,a99,Opferbereitschaft und Durchhalten,44.616,0.7436
702,1944,10,a100,Heroisierung,231.256,3.8542666666666667
702,1944,11,a101,Heroisierung,72.643,1.2107166666666667
702,1944,11,a101,Opferbereitschaft und Durchhalten,72.643,1.2107166666666667
702,1944,12,a102,Heroisierung,213.403,3.5567166666666665
702,1944,12,a102,Feindbildkonstruktion,213.403,3.5567166666666665
715,1944,1,a129,Volksgemeinschaft,152.905,2.5484166666666668
715,1944,1,a129,Heroisierung,152.905,2.5484166666666668
715,1944,4,a132,Feindbildkonstruktion,90.363,1.50605
715,1944,4,a132,Volksgemeinschaft,90.363,1.50605
715,1944,4,a132,Opferbereitschaft und Durchhalten,90.363,1.50605
715,1944,5,a133,Volksgemeinschaft,79.867,1.3311166666666667
715,1944,6,a134,Volksgemeinschaft,75.124,1.2520666666666667
715,1944,6,a134,Heroisierung,75.124,1.2520666666666667
715,1944,6,a134,Opferbereitschaft und Durchhalten,75.124,1.2520666666666667
715,1944,7,a135,Dämonisierung,30.435,0.50725
715,1944,7,a135,Feindbildkonstruktion,30.435,0.50725
715,1944,7,a135,Rassenideologie,30.435,0.50725
715,1944,8,a136,Heroisierung,186.259,3.1043166666666666
715,1944,8,a136,Opferbereitschaft und Durchhalten,186.259,3.1043166666666666
715,1944,9,a137,Heroisierung,258.659,4.310983333333334
715,1944,9,a137,Opferbereitschaft und Durchhalten,258.659,4.310983333333334
715,1944,10,a138,Heroisierung,295.914,4.9319
715,1944,10,a138,Feindbildkonstruktion,295.914,4.9319
728,1944,1,a101,Volksgemeinschaft,60.164,1.0027333333333333
728,1944,1,a101,Heroisierung,60.164,1.0027333333333333
728,1944,2,a102,Heroisierung,116.195,1.9365833333333333
728,1944,2,a102,Volksgemeinschaft,116.195,1.9365833333333333
728,1944,2,a102,Opferbereitschaft und Durchhalten,116.195,1.9365833333333333
728,1944,3,a103,Volksgemeinschaft,69.846,1.1641
728,1944,4,a104,Heroisierung,133.104,2.2184
728,1944,5,a105,Heroisierung,160.578,2.6763
728,1944,6,a106,Heroisierung,210.496,3.5082666666666666
734,1944,1,a84,Volksgemeinschaft,68.893,1.1482166666666667
734,1944,2,a85,Volksgemeinschaft,165.783,2.76305
734,1944,2,a85,Opferbereitschaft und Durchhalten,165.783,2.76305
734,1944,3,a86,Opferbereitschaft und Durchhalten,90.248,1.5041333333333333
734,1944,4,a87,Feindbildkonstruktion,102.433,1.7072166666666666
734,1944,4,a87,Heroisierung,102.433,1.7072166666666666
734,1944,4,a87,Opferbereitschaft und Durchhalten,102.433,1.7072166666666666
734,1944,5,a88,Dämonisierung,78.891,1.31485
734,1944,5,a88,Opferbereitschaft und Durchhalten,78.891,1.31485
734,1944,5,a88,Heroisierung,78.891,1.31485
734,1944,5,a88,Feindbildkonstruktion,78.891,1.31485
734,1944,6,a89,Heroisierung,219.755,3.6625833333333335
734,1944,6,a89,Feindbildkonstruktion,219.755,3.6625833333333335
734,1944,6,a89,Opferbereitschaft und Durchhalten,219.755,3.6625833333333335
741,1944,1,a60,Opferbereitschaft und Durchhalten,39.419,0.6569833333333334
741,1944,1,a60,Heroisierung,39.419,0.6569833333333334
741,1944,2,a61,Opferbereitschaft und Durchhalten,47.793,0.79655
741,1944,2,a61,Volksgemeinschaft,47.793,0.79655
741,1944,2,a61,Feindbildkonstruktion,47.793,0.79655
741,1944,3,a62,Volksgemeinschaft,52.369,0.8728166666666667
741,1944,3,a62,Opferbereitschaft und Durchhalten,52.369,0.8728166666666667
741,1944,3,a62,Heroisierung,52.369,0.8728166666666667
741,1944,4,a63,Opferbereitschaft und Durchhalten,251.085,4.18475
741,1944,4,a63,Volksgemeinschaft,251.085,4.18475
741,1944,4,a63,Personenkult,251.085,4.18475
741,1944,4,a63,Feindbildkonstruktion,251.085,4.18475
741,1944,4,a63,Dämonisierung,251.085,4.18475
741,1944,4,a63,Heroisierung,251.085,4.18475
741,1944,5,a64,Heroisierung,130.088,2.1681333333333335
741,1944,5,a64,Feindbildkonstruktion,130.088,2.1681333333333335
741,1944,6,a65,Feindbildkonstruktion,115.073,1.9178833333333334
741,1944,6,a65,Heroisierung,115.073,1.9178833333333334
741,1944,7,a66,Heroisierung,88.324,1.4720666666666666
741,1944,7,a66,Opferbereitschaft und Durchhalten,88.324,1.4720666666666666
748,1945,1,a77,Opferbereitschaft und Durchhalten,139.252,2.320866666666667
748,1945,1,a77,Volksgemeinschaft,139.252,2.320866666666667
748,1945,1,a77,Heroisierung,139.252,2.320866666666667
748,1945,1,a77,Personenkult,139.252,2.320866666666667
748,1945,2,a78,Volksgemeinschaft,72.438,1.2073
748,1945,2,a78,Opferbereitschaft und Durchhalten,72.438,1.2073
748,1945,2,a78,Personenkult,72.438,1.2073
748,1945,3,a79,Heroisierung,58.917,0.98195
748,1945,3,a79,Opferbereitschaft und Durchhalten,58.917,0.98195
748,1945,5,a81,Volksgemeinschaft,115.611,1.92685
748,1945,5,a81,Heroisierung,115.611,1.92685
748,1945,6,a82,Heroisierung,208.391,3.4731833333333335
748,1945,7,a83,Heroisierung,108.52,1.8086666666666666
750,1945,1,a63,Volksgemeinschaft,69.638,1.1606333333333334
750,1945,1,a63,Opferbereitschaft und Durchhalten,69.638,1.1606333333333334
750,1945,2,a64,Heroisierung,40.959,0.68265
750,1945,2,a64,Opferbereitschaft und Durchhalten,40.959,0.68265
750,1945,3,a65,Volksgemeinschaft,69.313,1.1552166666666666
750,1945,3,a65,Opferbereitschaft und Durchhalten,69.313,1.1552166666666666
750,1945,4,a66,Heroisierung,50.563,0.8427166666666667
750,1945,4,a66,Opferbereitschaft und Durchhalten,50.563,0.8427166666666667
750,1945,5,a67,Volksgemeinschaft,119.963,1.9993833333333333
750,1945,5,a67,Opferbereitschaft und Durchhalten,119.963,1.9993833333333333
750,1945,6,a68,Opferbereitschaft und Durchhalten,96.573,1.60955
750,1945,6,a68,Heroisierung,96.573,1.60955
750,1945,6,a68,Feindbildkonstruktion,96.573,1.60955
750,1945,7,a69,Heroisierung,219.93,3.6655
750,1945,7,a69,Feindbildkonstruktion,219.93,3.6655
755,1945,1,a82,Heroisierung,70.41,1.1735
755,1945,1,a82,Opferbereitschaft und Durchhalten,70.41,1.1735
755,1945,2,a83,Volksgemeinschaft,31.248,0.5208
755,1945,2,a83,Opferbereitschaft und Durchhalten,31.248,0.5208
755,1945,2,a83,Heroisierung,31.248,0.5208
755,1945,3,a84,Heroisierung,113.417,1.8902833333333333
755,1945,3,a84,Personenkult,113.417,1.8902833333333333
755,1945,3,a84,Opferbereitschaft und Durchhalten,113.417,1.8902833333333333
755,1945,3,a84,Volksgemeinschaft,113.417,1.8902833333333333
755,1945,4,a85,Heroisierung,15.292,0.2548666666666667
755,1945,4,a85,Opferbereitschaft und Durchhalten,15.292,0.2548666666666667
755,1945,5,a86,Volksgemeinschaft,42.098,0.7016333333333333
755,1945,5,a86,Heroisierung,42.098,0.7016333333333333
755,1945,5,a86,Opferbereitschaft und Durchhalten,42.098,0.7016333333333333
755,1945,5,a86,Feindbildkonstruktion,42.098,0.7016333333333333
755,1945,6,a87,Volksgemeinschaft,57.526,0.9587666666666667
755,1945,6,a87,Heroisierung,57.526,0.9587666666666667
755,1945,6,a87,Feindbildkonstruktion,57.526,0.9587666666666667
755,1945,6,a87,Opferbereitschaft und Durchhalten,57.526,0.9587666666666667
755,1945,7,a88,Volksgemeinschaft,112.251,1.87085
755,1945,7,a88,Heroisierung,112.251,1.87085
755,1945,8,a89,Feindbildkonstruktion,24.484,0.4080666666666667
755,1945,8,a89,Dämonisierung,24.484,0.4080666666666667
755,1945,8,a89,Opferbereitschaft und Durchhalten,24.484,0.4080666666666667
755,1945,9,a90,Feindbildkonstruktion,43.658,0.7276333333333334
755,1945,9,a90,Dämonisierung,43.658,0.7276333333333334
755,1945,10,a91,Heroisierung,103.982,1.7330333333333334
755,1945,10,a91,Opferbereitschaft und Durchhalten,103.982,1.7330333333333334
755,1945,10,a91,Volksgemeinschaft,103.982,1.7330333333333334
